name,lat,long,elev
Abu,34.5,131.6,571
Acamarachi,-23.3,-67.62,6046
Acatenango,14.501,-90.876,3976
Acigol-Nevsehir,38.57,34.52,1689
Adams,46.206,-121.49,3742
Adatara,37.62,140.28,1718
Adwa,10.07,40.84,1733
Afdera,13.08,40.85,1295
Agmagan-Karadag,40.275,44.75,3560
Agrigan,18.77,145.67,965
Agua,14.465,-90.743,3760
Agua de Pau,37.77,-25.47,947
Aguilera,-50.17,-73.83,0
Agung,-8.342,115.508,3142
Ahyi,20.42,145.03,-137
Akademia Nauk,53.983,159.45,1180
Akademia Nauk,53.98,159.45,1180
Akagi,36.53,139.18,1828
Akan,43.38,144.02,1499
Akhtang,55.43,158.65,1956
Akita-Komaga-take,39.75,140.8,1637
Akita-Yake-yama,39.97,140.77,1366
Akuseki-jima,29.461,129.597,584
Akuseki-jima,29.45,129.6,586
Akutan,54.13,-165.97,1303
Alaid,50.858,155.55,2339
Alamagan,17.6,145.83,744
Alayta,12.88,40.57,1501
"Albano, Monte",41.73,12.7,949
"Alcedo, Volcan",-0.43,-91.12,1130
Ale Bagu,13.52,40.63,1031
Alid,14.88,39.92,904
Alligator Lake,60.42,-135.42,2217
Almolonga,14.82,-91.48,3197
Alney-Chashakondzha,56.7,159.65,2598
Alngey,57.7,160.4,1853
Alu,13.82,40.55,429
Alutu,7.77,38.78,2335
Amak,55.42,-163.15,513
Amasing,-0.55,127.5,1030
Ambalatungan Group,17.32,121.1,2329
Ambang,0.75,124.42,1795
Ambitle,-4.08,153.65,450
Amboy,34.55,-115.78,288
Ambre-Bobaomby,-12.48,49.1,1475
Ambrym,-16.25,168.12,1334
Amorong,15.828,120.805,376
Amsterdam Island,-37.83,77.52,881
Amukta,52.5,-171.25,1066
Anatahan,16.35,145.67,788
Anaun,56.32,158.83,1828
Andahua Valley,-15.42,-72.33,4713
Andrus,-75.8,-132.33,2978
Aneityum,-20.2,169.83,852
Aniakchak,56.88,-158.17,1341
Ankaizina Field,-14.3,48.67,2878
Ankaratra Field,-19.4,47.2,2644
Antillanca Group,-40.771,-72.153,1990
Antipodes Island,-49.683,178.767,402
Antisana,-0.481,-78.141,5753
Antofagasta de la Sierra,-26.08,-67.5,4000
Antofagasta de la Sierra,-26.083,-67.5,4000
Antofalla,-25.53,-68,6100
Antuco,-37.406,-71.349,2979
Aoba,-15.4,167.83,1496
Aoga-shima,32.45,139.77,423
Apaneca Range,13.891,-89.786,2036
Apastepeque Field,13.72,-88.77,700
Apo,6.987,125.273,2954
Apoyeque,12.242,-86.342,518
Aracar,-24.27,-67.77,6082
Aracar,-24.25,-67.767,6082
Aragats,40.55,44.12,4090
"Aramuaca, Laguna",13.428,-88.105,180
Ararat,39.7,44.28,5165
Arayat,15.2,120.742,1026
Ardoukoba,11.58,42.47,298
Arenal,10.463,-84.703,1657
Arenales,-47.2,-73.483,3437
"Arhab, Harra of",15.63,44.08,3100
Arjuno-Welirang,-7.725,112.58,3339
Arshan,47.5,120.7,
Asama,36.4,138.53,2560
Asavyo,13.07,41.6,1200
Ascension,-7.95,-14.37,858
Askja,65.03,-16.75,1516
Aso,32.88,131.1,1592
Assab Volc Field,12.95,42.43,987
Asuncion,19.67,145.4,857
Atacazo,-0.353,-78.617,4463
Atakor Volc Field,23.333,5.833,2918
Atitlan,14.583,-91.186,3535
Atka,52.38,-174.15,1533
Atlasova,57.97,160.65,1764
"Atlixcos, Cerro Los",19.809,-96.526,800
Atsonupuri,44.804,147.13,1205
"Atuel, Caldera del",-34.65,-70.05,5189
Auckland Field,-36.9,174.87,260
Augustine,59.37,-153.42,1252
Avachinsky,53.255,158.83,2741
Awu,3.67,125.5,1320
Axial Seamount,45.95,-130,-1500
Ayelu,10.082,40.702,2145
"Azufral, Volcan",1.08,-77.68,4070
"Azul, Cerro",-0.9,-91.42,1690
"Azul, Cerro [Quizapu]",-35.653,-70.761,3788
"Azul, Volcan",12.53,-83.87,201
Azuma,37.73,140.25,2024
Babuyan Claro,19.523,121.94,1180
Bachelor,43.979,-121.688,2763
Bagana,-6.14,155.195,1750
Bakenin,53.905,158.07,2278
Baker,48.786,-121.82,3285
"Bal Haf, Harra of",14.05,48.33,233
Balatocan,8.8,124.92,2450
Balbi,-5.83,154.98,2715
Bald Knoll,37.328,-112.408,2135
Baluan,-2.57,147.28,254
Baluran,-7.85,114.37,1247
Balut,5.4,125.375,852
Bam,-3.6,144.85,685
Bamus,-5.2,151.23,2248
Banahao,14.07,121.48,2158
Banda Api,-4.525,129.871,640
Bandai,37.6,140.08,1819
Banua Wuhu,3.138,125.491,-5
Baransky,45.1,148.02,1132
Barcena,19.3,-110.82,332
Bardarbunga,64.63,-17.53,2000
Barkhatnaya Sopka,52.823,158.27,870
Barren Island,12.292,93.875,354
"Barrier, The",2.32,36.57,1032
Baru,8.8,-82.558,3477
Barva,10.135,-84.1,2906
Bas Dong Nai,10.8,107.2,392
Batur,-8.242,115.375,1717
"Bayo, Cerro",-25.42,-68.58,5401
Bayonnaise Rocks,31.92,139.92,10
Bayuda Volc Field,18.33,32.75,0
Bazman,28.07,60,3490
Behm Canal-Rudyerd Bay,55.32,-131.05,500
Belenkaya,51.75,157.27,892
Belirang-Beriti,-2.82,102.18,1958
Belknap,44.285,-121.841,2095
Bely,57.88,160.53,2080
Berlin,-76.05,-136,3478
Beru,8.95,39.75,1100
Berutarube,44.47,146.93,1220
Besar,-4.43,103.67,1899
Bezymianny,55.978,160.587,2882
Bibinoi,-0.78,127.72,900
Big Cave,40.955,-121.365,1259
Bilate River Field,7.07,38.1,1700
Biliran,11.523,124.534,1187
Billy Mitchell,-6.092,155.225,1544
Bir Borhut,15.55,50.63,0
"Birk, Harrat al",18.367,41.633,381
Bishoftu Volc Field,8.78,38.98,1850
Biu Plateau,10.75,12,0
Black Peak,56.53,-158.8,1032
Black Rock Desert,38.97,-112.5,1800
"Blanca, Loma",-36.286,-71.009,2268
Bliznets,56.97,159.78,1244
Bliznetsy,57.35,161.367,265
Blue Lake Crater,44.42,-121.77,1230
Blup Blup,-3.508,144.62,402
Bobrof,51.9,-177.43,738
Bogatyr Ridge,44.83,147.37,1634
Bogoslof,53.93,-168.03,101
Boisa,-3.994,144.963,240
Bola,-5.15,150.03,1155
Bolshe-Bannaya,52.9,157.78,1200
Bolshoi Payalpan,55.88,157.78,1906
Bolshoi Semiachik,54.32,160.02,1720
Bolshoi-Kekuknaysky,56.47,157.8,1401
Bombalai,4.4,117.88,531
Bona-Churchill,61.38,-141.75,5005
Boomerang Seamount,-37.721,77.825,-650
Bora-Bericcio Complex,8.27,39.03,2285
Borale Ale,13.725,40.6,668
Borawli,13.3,40.98,812
Borawli Complex,11.63,41.45,875
Boset-Bericha,8.558,39.475,2447
Bouvet,-54.42,3.35,780
Bratan,-8.28,115.13,2276
Brava,14.85,-24.72,900
"Bravo, Cerro",5.092,-75.3,4000
"Bravo, Cerro",5.092,-75.3,4000
Brennisteinsfjoll,63.92,-21.83,626
Bridge River Cones,50.8,-123.4,2500
Bridgeman Island,-62.05,-56.75,240
Brimstone Island,-30.23,-178.92,-2000
Bristol Island,-59.03,-26.58,1100
Brothers,-34.875,179.075,-1350
Brushy Butte,41.178,-121.443,1174
Buckle Island,-66.8,163.25,1239
Bud Dajo,5.95,121.07,440
Bufumbira,-1.23,29.72,2440
Buldir,52.37,175.98,656
Bulusan,12.77,124.05,1565
Bunyaruguru Field,-0.2,30.08,1554
"Burney, Monte",-52.33,-73.4,1758
Bus-Obo,47.12,109.08,1162
Butajiri-Silti Field,8.05,38.35,2281
Buzzard Creek,64.07,-148.42,830
Cabalian,10.287,125.22,945
Caburga,-39.2,-71.83,995
Cagua,18.222,122.123,1133
Calabozos,-35.558,-70.496,3508
Calatrava Volc Field,38.867,-4.017,1117
Calayo,7.877,125.068,646
Calbuco,-41.326,-72.614,2003
Callaqui,-37.92,-71.45,3164
"Cameroon, Mt.",4.203,9.17,4095
Camiguin,9.203,124.673,1332
Camiguin de Babuyanes,18.83,121.86,712
Campi Flegrei,40.827,14.139,458
Campi Flegrei Mar Sicilia,37.1,12.7,-8
Candlemas Island,-57.08,-26.67,550
Carlisle,52.9,-170.05,1620
Carran-Los Venados,-40.35,-72.07,1114
Carrizozo,33.78,-105.93,1731
"Casiri, Nevados",-17.47,-69.82,5650
Cayambe,0.029,-77.986,5790
Cayambe,0.029,-77.986,5790
Cayute-La Vigueria,-41.25,-72.27,506
Cayutué-La Viguería,-41.25,-72.267,506
Ceboruco,21.125,-104.508,2280
"Cendres, Ile des",10.158,109.014,-20
Central Island,3.5,36.042,550
Cereme,-6.892,108.4,3078
Ch'uga-ryong,38.33,127.33,452
Chacana,-0.375,-78.25,4643
"Chachani, Nevado",-16.191,-71.53,6057
"Chachani, Nevado",-16.191,-71.53,6057
Chagulak,52.57,-171.13,1142
Chaine des Puys,45.775,2.967,1464
Chaiten,-42.833,-72.646,962
Changbaishan,41.98,128.08,2744
"Chapulul, Cerro",-38.37,-71.08,2143
Cherny,56.82,159.67,1778
Cherpuk Group,55.55,157.467,1868
Chichinautzin,19.08,-99.13,3930
"Chichon, El",17.36,-93.228,1150
Chiginagak,57.13,-157,2075
Chikurachki,50.325,155.458,1816
Chiliques,-23.583,-67.7,5778
Chiliques,-23.58,-67.7,5778
"Chillan, Nevados de",-36.863,-71.377,3212
Chimborazo,-1.464,-78.815,6310
Chinameca,13.475,-88.32,1228
Chingo Volc Field,14.12,-89.73,1775
Chiquimula Volc Field,14.83,-89.55,1192
Chiracha,6.65,38.12,1650
Chirinkotan,48.98,153.48,724
Chirip,45.38,147.92,1589
Chirpoi,46.525,150.875,742
Chokai,39.08,140.03,2237
Chyulu Hills,-2.68,37.88,2188
"Ciguatepe, Cerro El",12.53,-86.142,603
Cinnamon Butte,43.241,-122.108,1956
"Cinotepec, Cerro",14.02,-89.25,665
Clark,-36.446,177.839,-860
Clear Lake,38.97,-122.77,1439
Cleft Segment,44.83,-130.3,-2140
Cleveland,52.82,-169.95,1730
Coatepeque Caldera,13.87,-89.55,746
"Cochons, Ile Aux",-46.1,50.23,775
Cofre de Perote,19.492,-97.15,4282
Colachi,-23.23,-67.65,5631
Coleman Seamount,-8.83,157.17,0
Colima,19.514,-103.62,3850
"Colluma, Cerro",-18.5,-68.07,3876
Colo [Una Una],-0.17,121.608,507
Comondu-La Purisima,26,-111.92,780
Concepcion,11.538,-85.622,1700
Conchagua,13.277,-87.853,1250
Conchaguita,13.22,-87.765,550
"Cook, Isla",-54.95,-70.27,150
Copahue,-37.85,-71.17,2965
Copiapo,-27.3,-69.13,6052
Corbetti Caldera,7.18,38.43,2320
Corcovado,-43.18,-72.8,2300
Cordon Chalviri,-23.85,-67.62,5623
Cordon de Puntas Negras,-23.75,-67.53,5852
Cordon del Azufre,-25.33,-68.52,5463
Coronado,29.08,-113.513,440
Coropuna,-15.52,-72.65,6377
Corvo,39.67,-31.07,715
Cosiguina,12.98,-87.57,872
Coso Volc Field,36.03,-117.82,2400
Cotopaxi,-0.677,-78.436,5911
Crater Basalt Volc Field,-42.017,-70.183,1359
Crater Lake,42.93,-122.12,2487
Crater Mountain,-6.58,145.08,3233
Craters of the Moon,43.42,-113.5,2005
Crow Lagoon,54.7,-130.23,335
Cu-Lao Re Group,15.38,109.12,181
Cuicocha,0.308,-78.364,3246
Cuilapa-Barbarena,14.33,-90.4,1454
Cuilapa-Barbarena,14.333,-90.4,1454
Cumbal,0.98,-77.88,4764
"Cumbres, Las",19.15,-97.27,3940
Curacoa,-15.62,-173.67,-33
Curacoa,-15.617,-173.667,-33
Curtis Island,-30.542,-178.561,137
"Cóndor, Cerro el",-26.617,-68.35,6532
Dabbahu,12.6,40.48,1442
Dabbayra,12.38,40.07,1302
Dacht-I-Navar Group,33.95,67.92,3800
Daikoku,21.324,144.194,-323
Daisetsu,43.68,142.88,2290
Dakataua,-5.056,150.108,400
Dalaffilla,13.792,40.55,613
Dallol,14.242,40.3,-48
Dama Ali,11.28,41.63,1068
Damavand,35.951,52.109,5670
Dana,55.62,-161.22,1354
Danau Complex,-6.2,105.97,1778
Dar-Alages,39.7,45.542,3329
Dariganga Volc Field,45.33,114,1778
"Darwin, Volcan",-0.18,-91.28,1330
"Daun, Bukit",-3.38,102.37,2467
Davidof,51.97,178.33,328
Davis Lake,43.57,-121.82,2163
Dawson Strait Group,-9.62,150.88,500
Deception Island,-62.97,-60.65,576
Demon,45.5,148.85,1205
Dempo,-4.03,103.13,3173
Denison,58.42,-154.45,2318
Descabezado Grande,-35.58,-70.75,3953
Devils Garden,43.512,-120.861,1698
Dgida Basin,50.52,103.25,1500
"Dhamar, Harras of",14.57,44.67,3500
"Diable, Morne Au",15.62,-61.45,861
"Diablotins, Morne",15.5,-61.42,1430
Diamond Craters,43.1,-118.75,1435
Didicas,19.077,122.202,244
Dieng Volc Complex,-7.2,109.92,2565
Diky Greben,51.43,157,1070
Dofen,9.35,40.13,1151
Doma Peaks,-5.9,143.15,3568
Domuyo,-36.63,-70.42,4709
Don Joao de Castro Bank,38.23,-26.63,-14
Dona Juana,1.47,-76.92,4150
Dotsero,39.65,-107.03,2230
Douglas,58.87,-153.55,2140
Doyo Seamount,27.683,140.8,-860
Dubbi,13.58,41.808,1625
Dukono,1.68,127.88,1185
Duncan Canal,56.5,-133.1,15
Durango Volc Field,24.15,-104.45,2075
Dutton,55.18,-162.27,1506
Dzenzursky,53.637,158.922,2155
E-san,41.8,141.17,618
Eagle Lake Field,40.63,-120.83,1652
Easter Island,-27.15,-109.383,511
Eastern Gemini Seamount,-20.98,170.28,-80
Ebeko,50.68,156.02,1156
Ebulobo,-8.808,121.18,2124
"Eburru, Ol Doinyo",-0.63,36.23,2856
"Ecuador, Volcan",-0.02,-91.546,790
Edgecumbe,57.05,-135.75,976
Edziza,57.72,-130.63,2786
Eggella,56.57,158.52,1046
Egmont,-39.3,174.07,2518
Egon,-8.67,122.45,1703
Ekarma,48.958,153.93,1170
Elbrus,43.33,42.45,5633
Elmenteita Badlands,-0.52,36.27,2126
Elovsky,57.53,160.53,1381
Emmons Lake,55.33,-162.07,1465
Emperor of China,-6.62,124.22,-2850
Emuruangogolak,1.5,36.33,1328
Endeavour Ridge,47.95,-129.1,-2400
Epi,-16.68,168.37,833
Erciyes Dagi,38.52,35.48,3916
Erebus,-77.53,167.17,3794
Erta Ale,13.6,40.67,613
Es Safa,33.08,37.15,979
Escanaba Segment,40.983,-127.5,-1700
"Escorial, Cerro",-25.08,-68.37,5447
Esjufjoll,64.27,-16.65,1760
Esmeralda Bank,15,145.25,-43
Espenberg,66.35,-164.33,243
"Est, Ile de l'",-46.43,52.2,1090
Esteli,13.17,-86.4,899
Etna,37.734,15.004,3350
Eyjafjallajokull,63.63,-19.62,1666
Falcon Island,-20.32,-175.42,-17
Farallon de Pajaros,20.53,144.9,360
Fayal,38.6,-28.73,1043
Fedotych,57.13,160.4,965
Fentale,8.975,39.93,2007
Fernandina,-0.37,-91.55,1495
"Firura, Nevados",-15.23,-72.63,5498
Fisher,54.67,-164.35,1094
Flores,39.4,-31.17,915
Flores,14.3,-90,1600
Fogo,14.95,-24.35,2829
Fonualei,-18.02,-174.325,200
Forecast Seamount,13.4,143.917,
Fort Portal Field,0.7,30.25,1524
Fort Selkirk,62.93,-137.38,1239
Four Craters Lava Field,43.361,-120.669,1501
"Fournaise, Piton de la",-21.229,55.713,2631
Fourpeaked,58.77,-153.68,2104
Fremrinamur,65.43,-16.65,939
Frosty,55.07,-162.82,1920
Fuego,14.473,-90.88,3763
Fuerteventura,28.358,-14.02,529
Fuji,35.35,138.73,3776
Fukue-jima,32.653,128.851,317
Fukujin,21.925,143.442,-217
Fukutoku-okanoba,24.28,141.52,-14
Furnas,37.77,-25.32,805
Fuss Peak,50.27,155.25,1772
Gabillema,11.08,41.27,1459
Gada Ale,13.975,40.408,287
Galapagos Rift,0.792,-86.15,-2430
Galapagos Rift,0.792,-86.15,-2430
Galeras,1.22,-77.37,4276
Gallego,-9.35,159.73,1000
Galunggung,-7.25,108.05,2168
Gamalama,0.8,127.325,1715
Gamchen,54.973,160.702,2576
Gamkonora,1.375,127.52,1635
Garbuna Group,-5.45,150.03,564
Gareloi,51.78,-178.8,1573
Garibaldi Lake,49.92,-123.03,2316
"Garibaldi, Mt.",49.85,-123,2678
Garove,-4.692,149.5,368
Garua Harbour,-5.269,150.088,565
Gaua,-14.27,167.5,797
Gedamsa Caldera,8.35,39.18,1984
Gede,-6.78,106.98,2958
Genovesa,0.32,-89.958,64
Geodesistoy,56.33,158.67,1170
Giggenbach,-30.036,-178.713,-65
Girekol,39.17,43.33,0
Glacier Peak,48.112,-121.113,3213
"Gloria, La",19.33,-97.25,3500
Golden Trout Creek,36.358,-118.32,2886
Golets-Tornyi Group,45.25,148.35,442
Gollu Dag,38.25,34.57,2143
Golovnin,43.85,145.53,541
Goodenough,-9.48,150.35,220
Gordon,62.13,-143.08,2755
Gorely,52.558,158.03,1829
Goriaschaia Sopka,46.83,151.75,891
Gorny Institute,57.33,160.2,2125
Graciosa,39.02,-27.97,402
Gran Canaria,28,-15.58,1950
Great Sitkin,52.08,-176.13,1740
Griggs,58.35,-155.1,2317
"Grille, La",-11.47,43.33,1087
Grimsnes,64.03,-20.87,214
Grimsvotn,64.42,-17.33,1725
Groppo,11.73,40.25,930
Grozny Group,45.02,147.87,1211
Guadalupe,29.07,-118.28,1100
Guagua Pichincha,-0.171,-78.598,4784
Guallatiri,-18.42,-69.17,6071
Guayaques,-22.88,-67.58,5598
Guazapa,13.9,-89.12,1438
Gufa,12.55,42.53,600
Guguan,17.32,145.85,287
Guntur,-7.13,107.83,2249
Gunungapi Wetar,-6.642,126.65,282
Hachijo-jima,33.13,139.77,854
Hachimantai,39.95,140.85,1614
Hainan Dao,19.7,110.1,
Hakkoda Group,40.65,140.88,1585
Hakone,35.22,139.02,1438
Haku-san,36.15,136.78,2702
Haleakala,20.708,-156.25,3055
Halla,33.37,126.53,1950
Hanish,13.72,42.73,422
Hargy,-5.33,151.1,1148
"Harrah, Al",31.083,38.417,1100
Haruj,27.25,17.5,1200
Haruna,36.47,138.88,1449
Hasan Dagi,38.13,34.17,3253
Haut Dong Nai,11.6,108.2,1000
Hayes,61.62,-152.48,2788
"Haylan, Jabal",15.43,44.78,1550
Hayli Gubbi,13.5,40.72,521
Healy,-35.004,178.973,980
Heard,-53.106,73.513,2745
Heart Peaks,58.6,-131.97,2012
Hekla,63.98,-19.7,1491
Hell's Half Acre,43.5,-112.45,1631
Hengill,64.18,-21.33,803
Herbert,52.75,-170.12,1290
Hertali,9.78,40.33,900
Hierro,27.73,-18.03,1500
Hijiori,38.6,140.18,516
Hiri,0.88,127.32,630
Hiuchi,36.95,139.28,2346
Hobicha Caldera,6.78,37.83,1800
Hodson,-56.7,-27.15,1005
Hofsjokull,64.78,-18.92,1782
Homa Mountain,-0.38,34.5,1751
Home Reef,-18.992,-174.775,-2
Honggeertu,41.47,113,1700
Hood,45.374,-121.694,3426
Hoodoo Mountain,56.78,-131.28,1820
Hornopiren,-41.874,-72.431,1572
Hromundartindur,64.073,-21.202,540
Hualalai,19.692,-155.87,2523
Huanquihue Group,-39.87,-71.55,1300
Huaynaputina,-16.608,-70.85,4850
Hudson Mountains,-74.33,-99.42,749
"Hudson, Cerro",-45.9,-72.97,1905
Huequi,-42.377,-72.578,1318
Huila,2.92,-76.05,5365
Hulubelu,-5.35,104.6,1040
"Humeros, Los",19.68,-97.45,3150
Hunga Tonga-Hunga Ha'apai,-20.57,-175.38,0
Hunter Island,-22.4,172.05,297
Hutapanjang,-2.33,101.6,2021
Hutapanjang,-2.333,101.6,2021
Hydrographers Range,-9,148.37,1915
Iamalele,-9.52,150.53,200
Ibu,1.475,127.642,1325
Ibusuki Volc Field,31.22,130.57,922
Ichinsky,55.68,157.73,3621
Iettunup,58.4,161.08,1340
Igwisi Hills,-4.87,31.92,0
Ijen,-8.058,114.242,2799
Iktunup,58.08,160.77,2300
Iliamna,60.03,-153.08,3053
Iliboleng,-8.342,123.258,1659
Ililabalekan,-8.53,123.42,1018
Ilimuda,-8.478,122.671,1100
Iliwerung,-8.54,123.59,1018
Illiniza,-0.659,-78.714,5248
Ilopango,13.672,-89.053,450
Ilyinsky,51.49,157.2,1578
Imun,2.15,98.93,1505
Imuruk Lake,65.6,-163.92,610
In Ezzane Volc Field,23,10.833,
Indian Heaven,45.93,-121.82,1513
Ingakslugwat Hills,61.43,-164.47,190
Inielika,-8.73,120.98,1559
Inierie,-8.875,120.95,2245
Inyo Craters,37.692,-119.02,2629
Ipala Volc Field,14.55,-89.63,1650
Iraya,20.469,122.01,1009
Irazu,9.979,-83.852,3432
Iriga,13.457,123.457,1196
Iriomote-jima,24.558,124,-200
Irruputuncu,-20.73,-68.55,5163
Isanotski,54.75,-163.73,2446
Isarog,13.658,123.37,1966
Ischia,40.73,13.897,789
Iskut-Unuk River Cones,56.58,-130.55,1880
Isluga,-19.15,-68.83,5050
Itasy Volc Field,-19,46.77,1800
"Ithnayn, Harrat",26.58,40.2,1625
Ivao Group,45.77,149.68,1426
Iwaki,40.65,140.3,1625
Iwate,39.85,141,2041
Iwo-Tori-shima,27.85,128.25,217
Iwo-jima,24.75,141.33,161
Ixtepeque,14.42,-89.68,1292
Iya,-8.88,121.63,637
Iyang-Argapura,-7.97,113.57,3088
Izalco,13.813,-89.633,1950
Iztaccihuatl,19.179,-98.642,5230
Izu-Tobu,34.92,139.12,1406
Izumbwe-Mpoli,-8.93,33.4,1568
Jailolo,1.08,127.42,1130
Jalajala,14.35,121.33,743
Jalua,15.042,39.82,713
Jan Mayen,71.08,-8.17,2277
Jaraguay Volc Field,29.33,-114.5,960
"Jayu Khota, Laguna",-19.45,-67.417,3650
Jefferson,44.692,-121.8,3199
Jingpohu,44.08,128.83,500
Jocotitlan,19.733,-99.758,3900
Jocotitlan,19.724,-99.757,3900
Jordan Craters,43.03,-117.42,1473
"Joya, La",11.92,-85.98,300
Kaba,-3.52,102.62,1952
Kabargin Oth Group,42.55,44,3650
Kadovar,-3.62,144.62,365
Kagamil,52.97,-169.72,893
Kaguyak,58.62,-154.05,901
Kaikata Seamount,26.667,141,-162
Kaikohe-Bay of Islands,-35.3,173.9,388
Kaileney,57.8,160.67,1582
Kaitoku Seamount,26.122,141.102,-10
Kalatungan,7.95,124.8,2824
Kambalny,51.3,156.87,2156
Kamen,56.02,160.593,4585
Kana Keoki,-8.75,157.03,-700
Kanaga,51.92,-177.17,1307
Kanlaon,10.412,123.132,2435
Kao,-19.667,-175.033,1030
Karacalidag,37.67,39.83,1957
"Karaha, Kawah",-7.12,108.08,1155
Karang,-6.27,106.042,1778
Karangetang [Api Siau],2.78,125.48,1784
Karapinar Field,37.67,33.65,1302
Karisimbi,-1.5,29.45,4507
Karkar,-4.649,145.964,1839
Karpinsky Group,50.13,155.37,1345
Kars Plateau,40.75,42.9,3000
Karthala,-11.75,43.38,2361
Karymsky,54.05,159.43,1536
Kasatochi,52.18,-175.5,314
Kasbek,42.7,44.5,5050
Kasuga,21.77,143.72,-558
Katla,63.63,-19.05,1512
Katmai,58.27,-154.98,2047
Katunga,-0.47,30.18,1707
Katwe-Kikorongo Field,-0.08,29.92,1067
Kavachi,-9.02,157.95,-20
Kawi-Butak,-7.92,112.45,2651
Kebeney,57.1,159.93,1527
Kekurny,56.4,158.85,1377
Kelimutu,-8.758,121.83,1640
Kell,51.65,157.35,900
Keluo Group,49.37,125.92,670
Kelut,-7.93,112.308,1731
Kendang,-7.23,107.72,2608
Kerguelen Islands,-49.58,69.5,1840
Kerinci,-1.814,101.264,3800
Ketoi,47.35,152.475,1172
Khangar,54.75,157.38,2000
Khanuy Gol,48.67,102.75,1886
Kharimkotan,49.12,154.508,1145
"Khaybar, Harrat",25,39.92,2093
Khodutka,52.063,157.703,2090
Kialagvik,57.38,-156.75,1575
Kiaraberes-Gagak,-6.73,106.65,1511
Kick-'em-Jenny,12.3,-61.63,-177
Kieyo,-9.23,33.78,2175
Kikai,30.78,130.28,717
Kikhpinych,54.487,160.253,1552
Kilauea,19.425,-155.292,1222
Kilimanjaro,-3.07,37.35,5895
Kinenin,57.35,160.967,583
Kirishima,31.93,130.87,1700
"Kishb, Harrat",22.8,41.38,1475
Kiska,52.1,177.6,1220
Kita-Fukutokutai,24.414,141.419,-73
Kita-Iwo-jima,25.43,141.23,792
Kizimen,55.13,160.32,2485
Klabat,1.47,125.03,1995
Kliuchevskoi,56.057,160.638,4835
Kolbeinsey Ridge,66.67,-18.5,0
Kolkhozhny,55.07,160.77,2161
Kolokol Group,46.042,150.05,1328
Komaga-take,42.07,140.68,1140
Komarov,55.032,160.72,2070
Kone,8.8,39.692,1619
Koniuji,52.22,-175.13,272
Kookooligit Mountains,63.6,-170.43,673
Koranga,-7.33,146.708,0
Korath Range,5.1,35.88,912
Koro,-17.32,179.4,522
Korosi,0.77,36.12,1446
Koryaksky,53.32,158.688,3456
Koshelev,51.357,156.75,1812
"Koussi, Emi",19.8,18.53,3415
Kozu-shima,34.22,139.15,574
Kozyrevsky,55.58,158.38,2016
Krafla,65.73,-16.78,650
Krainy,56.37,159.03,1554
Krakagiger,63.98,-19.7,1491
Krakatau,-6.102,105.423,813
Krasheninnikov,54.593,160.273,1856
Kristnitokugigar,63.98,-21.42,301
Krisuvik,63.93,-22.1,379
Kronotsky,54.753,160.527,3528
Ksudach,51.8,157.53,1079
Kuchino-shima,29.97,129.93,627
Kuchino-shima,29.964,129.928,628
Kuchinoerabu-jima,30.43,130.22,649
Kuei-Shan-Tao,24.85,121.92,401
Kuju Group,33.08,131.25,1788
Kukak,58.47,-154.35,2040
Kula,38.58,28.52,750
Kulkev,56.37,158.37,915
Kunlun Volc Group,35.52,80.2,5808
Kupreanof,56.02,-159.8,1895
Kurikoma,38.95,140.78,1628
Kurile Lake,51.45,157.12,104
Kurose Hole,33.4,139.68,-107
Kurose Hole,33.4,139.683,-107
Kurub,11.88,41.208,625
Kusatsu-Shirane,36.62,138.55,2176
Kutcharo,43.55,144.43,1000
Kuttara,42.5,141.18,581
Kutum Volc Field,14.5,25.8,0
Kuwae,-16.829,168.536,-2
Kverkfjoll,64.65,-16.72,1920
Kyatwa Volc Field,0.45,30.25,1430
La Palma,28.58,-17.83,2426
"Lajas, Las",12.3,-85.73,926
Lakagigar,64.42,17.33,1725
Lambafit,64.08,-19.4,550
Lamington,-8.95,148.15,1680
Lamongan,-8,113.342,1651
Langila,-5.525,148.42,1330
Langjokull,64.75,-19.98,1360
Lanin,-39.633,-71.5,3747
Lanzarote,29.03,-13.63,670
Larderello,43.25,10.87,500
Lascar,-23.37,-67.73,5592
Lassen Volc Center,40.492,-121.508,3187
Lastarria,-25.17,-68.5,5697
Late,-18.806,-174.65,518
Latukan,7.65,124.47,2158
Lautaro,-49.02,-73.55,3380
Lavic Lake,34.75,-116.625,1495
Lawu,-7.625,111.192,3265
Leizhou Bandao,20.83,109.78,259
"Lengai, Ol Doinyo",-2.751,35.902,2890
Leonard Range,7.393,126.397,1190
Leroboleng,-8.358,122.842,1117
Leskov Island,-56.67,-28.13,190
Leutongey,57.3,159.83,1333
Level Mountain,58.42,-131.35,2190
Lewotobi,-8.53,122.775,1703
Lewotobi Perempuan,-8.575,122.78,1703
Lewotolo,-8.272,123.505,1423
Lexone,-17.87,-69.48,5340
Liado Hayk Field,9.57,40.28,878
Liamuiga,17.37,-62.8,1156
Licancabur,-22.83,-67.88,5916
Lihir,-3.125,152.642,700
Lindenberg Island,-65.03,-60.05,368
Lipari,38.483,14.95,602
Lipari,38.48,14.95,602
Little Sitkin,51.95,178.53,1188
Ljosufjoll,64.87,-22.23,988
Llaima,-38.692,-71.729,3125
Llullaillaco,-24.72,-68.53,6739
Loihi,18.92,-155.27,-975
Lokon-Empung,1.358,124.792,1580
Lolo,-5.47,150.5,805
Lolobau,-4.92,151.158,858
Loloru,-6.52,155.62,1887
Lomonosov Group,50.25,155.43,1681
Long Island,-5.358,147.12,1280
"Longavi, Nevado de",-36.193,-71.161,3242
Longgang Group,42.33,126.5,1000
Longonot,-0.92,36.45,2776
Lonquimay,-38.377,-71.58,2865
Lopevi,-16.507,168.346,1413
Lower Chindwin,22.28,95.1,385
Lubukraya,1.478,99.209,1862
"Lumut Balai, Bukit",-4.22,103.62,2055
"Lunayyir, Harrat",25.17,37.75,1370
Lurus,-7.7,113.58,539
Lvinaya Past,44.62,147,528
Lysuholl,64.87,-23.25,540
Ma Alalta,13.02,40.2,1815
Maca,-45.1,-73.2,2960
Macauley Island,-30.2,-178.47,238
Macdonald,-28.98,-140.25,-50
"Machin, Cerro",4.48,-75.4,2650
Madeira,32.733,-16.967,1862
Maderas,11.446,-85.515,1394
Madilogo,-9.2,147.57,850
Magaso,9.258,123.175,1904
Mageik,58.2,-155.25,2165
Mahagnoa,10.872,124.853,800
Mahawu,1.358,124.858,1324
Maipo,-34.161,-69.833,5264
Makaturing,7.647,124.32,1940
Makian,0.32,127.4,1357
Makushin,53.9,-166.93,2036
Malabar,-7.13,107.65,2343
Malang Plain,-8.02,112.68,680
Malinao,13.422,123.597,1548
"Malinche, La",19.23,-98.03,4503
Malindang,8.22,123.63,2435
Malindig,13.24,122.018,1157
Malintang,0.467,99.667,1983
Mallahle,13.27,41.65,1875
Maly Payalpan,55.82,157.98,1802
Maly Semiachik,54.13,159.67,1560
Managlase Plateau,-9.08,148.33,1342
Manam,-4.1,145.061,1807
Manareyjar,66.3,-17.1,0
Manda Gargori,11.75,41.483,
Manda Hararo,12.17,40.82,600
Manda-Inakir,12.38,42.2,600
Mandalagan,10.615,123.22,1879
Manengouba,5.03,9.83,2411
Manuk,-5.53,130.292,282
Manzaz Volc Field,23.917,5.833,1672
Maquiling,14.13,121.2,1090
Marapi,-0.381,100.473,2891
Marchena,0.33,-90.47,343
Mare,0.57,127.4,308
"Marha, Jabal el-",15.28,44.22,2650
Marion Island,-46.9,37.75,1230
Mariveles,14.5,120.5,1420
Markagunt Plateau,37.58,-112.67,2840
Maroa,-38.42,176.08,1156
"Marra, Jebel",12.95,24.27,3042
Marsabit,2.32,37.97,1707
Martin,58.17,-155.35,1860
Masaraga,13.32,123.6,1328
Masaya,11.984,-86.161,635
Mascota Volc Field,20.62,-104.83,2540
Mashkovtsev,51.1,156.72,503
Mashu,43.57,144.57,855
Mat Ala,13.1,41.15,523
Matthew Island,-22.33,171.32,177
Matutum,6.37,125.108,2293
Maug Islands,20.017,145.217,227
"Maule, Laguna del",-36.02,-70.58,3092
Mauna Kea,19.82,-155.47,4206
Mauna Loa,19.475,-155.608,4170
May-ya-moto,-0.93,29.33,950
Mayon,13.257,123.685,2462
Mayor Island,-37.28,176.25,355
McDonald Islands,-53.03,72.6,186
Meager,50.63,-123.5,2680
Medicine Lake,41.58,-121.57,2412
Medvezhia,45.38,148.83,1124
Mega Basalt Field,4.08,37.42,1067
Megata,39.95,139.73,291
Mehetia,-17.87,-148.07,435
Meidob Volc Field,15.32,26.47,2000
Melbourne,-74.35,164.7,2732
Melimoyu,-44.08,-72.88,2400
Mendeleev,43.98,145.7,887
Menengai,-0.2,36.07,2278
Mentolat,-44.67,-73.08,1660
Merapi,-7.542,110.442,2947
Merbabu,-7.45,110.43,3145
Mere Lava,-14.45,168.05,1028
Meru,-3.25,36.75,4565
Methana,37.615,23.336,760
Metis Shoal,-19.18,-174.87,43
Mezhdusopochny,57.47,160.25,1641
Michael,-57.78,-26.45,990
Michoacan-Guanajuato,19.48,-102.25,3860
Micotrin,15.33,-61.33,1387
Middle Gobi,45.28,106.7,1120
Milbanke Sound Group,52.5,-128.73,335
Milne,46.82,151.78,1540
Milos,36.699,24.439,751
Minami-Hiyoshi,23.507,141.905,-30
Minchinmavida,-42.78,-72.43,2404
Miravalles,10.748,-85.153,2028
"Misti, El",-16.294,-71.409,5822
Miyake-jima,34.08,139.53,815
Mocho-Choshuenco,-39.927,-72.027,2422
Moffett,51.93,-176.75,1196
Mojanda,0.13,-78.27,4263
Mojanda,0.133,-78.267,4263
Mokuyo Seamount,28.317,140.567,-920
Mombacho,11.826,-85.968,1344
Momotombo,12.422,-86.54,1297
Monaco Bank,37.6,-25.88,-197
Mondaca,-35.464,-70.8,2048
Mono Craters,37.88,-119,2796
Mono Lake Volc Field,38,-119.03,2121
Monowai Seamount,-25.887,-177.188,-100
Montagu Island,-58.417,-26.333,1370
"Morning, Mt.",-78.5,163.533,2723
Moti,0.45,127.4,950
Motlav,-13.67,167.67,411
Moua Pihaa,-18.32,-148.67,-180
Mousa Alli,12.47,42.4,2028
Moyuta,14.03,-90.1,1662
Muhavura,-1.38,29.67,4127
Mundafell,63.98,-19.7,1491
Mundua,-4.63,149.35,179
Muria,-6.617,110.883,1625
Musa River,-9.308,148.13,808
Mutnovsky,52.453,158.195,2322
Myojun Knoll,32.1,139.85,360
Myoko,36.88,138.12,2446
NW Rota-1,14.601,144.775,-517
Nabro,13.37,41.7,2218
Nabukelevu,-19.117,177.983,805
Nakano-shima,29.85,129.87,979
Namarunu,1.9,36.27,817
Nantai,36.77,139.5,2484
Naolinco Volc Field,19.67,-96.75,2000
Narcondum,13.43,94.25,710
Narugo,38.73,140.73,462
Nasu,37.12,139.97,1917
Natib,14.705,120.4,1287
Nazko,52.9,-123.73,1230
Ndete Napu,-8.72,121.78,750
"Negra, Sierra",-0.83,-91.17,1490
"Negrillar, El",-24.18,-68.25,3500
"Negrillar, La",-24.28,-68.6,4109
"Negro de Mayasquer, Cerro",0.828,-77.964,4445
"Negro, Cerro",12.506,-86.702,728
Nejapa-Miraflores,12.12,-86.32,360
Nemo Peak,49.57,154.808,1018
Nemrut Dagi,38.65,42.02,3050
"Nevada, Sierra",-26.48,-68.58,6127
Nevis Peak,17.15,-62.58,985
Newberry Volcano,43.722,-121.229,2434
Newer Volcanics Prov,-37.77,142.5,1011
Ngaoundere Plateau,7.25,13.67,0
Ngauruhoe,-39.158,175.63,2291
Ngozi,-8.97,33.57,2622
"Nicholson, Cerro",-16.258,-71.753,2520
Nieuwerkerk,-6.6,124.675,-2285
Nightingale Island,-37.417,-12.483,365
Nii-jima,34.37,139.27,432
Niigata-Yake-yama,36.92,138.03,2400
Nikko,23.075,142.308,-391
Nikko-Shirane,36.8,139.38,2578
Nila,-6.73,129.5,781
Nipesotsu-Upepesanke,43.45,143.03,2013
Niseko,42.88,140.63,1154
Nishino-shima,27.274,140.882,38
Nisyros,36.58,27.18,698
Niuafo'ou,-15.6,-175.63,260
Norikura,36.12,137.55,3026
North Gorda Ridge,42.67,-126.78,-3000
North Gorda Ridge,42.667,-126.783,-3000
North Island,4.07,36.05,520
North Sister Field,44.17,-121.77,3074
North Vate,-17.45,168.33,594
Northern EPR-Segment RO3,15.833,-105.433,-2300
Nosy-Be,-13.32,48.48,214
Novarupta,58.27,-155.16,841
Nuevo Mundo,-19.783,-66.483,5438
Numazawa,37.43,139.58,1100
Nunivak Island,60.02,-166.33,511
Nyambeni Hills,0.23,37.87,750
Nyamuragira,-1.408,29.2,3058
Nyiragongo,-1.52,29.25,3470
Ofu-Olosega,-14.175,-169.618,639
"Ojos del Salado, Nevados",-27.12,-68.53,6887
Oka Volc Field,52.7,98.98,2077
Okataina,-38.12,176.5,1111
Oki-Dogo,36.17,133.33,151
Okmok,53.42,-168.13,1073
Oku Volc Field,6.25,10.5,3011
Ol Kokwe,0.63,36.08,1130
Olca-Paruma,-20.93,-68.48,5407
Olkaria,-0.904,36.292,2434
Olkoviy,52.077,157.477,636
Ollague,-21.3,-68.18,5868
Olot Volc Field,42.17,2.53,893
Omachi Seamount,29.22,140.8,-1700
Omanago Group,36.78,139.5,2367
On-take,35.9,137.48,3063
Opala,52.543,157.335,2475
Oraefajokull,64,-16.65,2119
"Orizaba, Pico de",19.03,-97.268,5675
Ormus Islands,26,57,0
Orosi,10.98,-85.473,1659
Oshima,34.73,139.38,758
Oshima-Oshima,41.5,139.37,737
Osore-yama,41.32,141.08,879
Osorno,-41.1,-72.493,2652
Ostanets,52.146,157.322,719
Ostry,58.18,160.82,2552
Otdelniy,52.22,157.428,791
"Overo, Cerro",-23.35,-67.67,4555
Ozernoy,51.88,157.38,562
Pacaya,14.381,-90.601,2552
Paco,9.593,125.52,524
Pagan,18.13,145.8,570
Pago,-5.58,150.52,742
Paka,0.92,36.18,1697
Palei-Aike Volc Field,-52,-70,250
Palena Volc Group,-43.68,-72.5,0
Palinuro,39.483,14.833,-70
Palomo,-34.608,-70.295,4860
Paluweh,-8.32,121.708,875
Pampa Luxsar,-20.85,-68.2,5543
Pantelleria,36.77,12.02,836
"Pantoja, Cerro",-40.77,-71.95,2112
Papandayan,-7.32,107.73,2665
Papayo,19.308,-98.7,3600
Paricutin Volcanic Field,19.48,-102.25,3860
Parker,6.12,124.892,1824
Patah,-4.27,103.3,2817
"Patates, Morne",15.22,-61.37,960
Patilla Pata,-18.05,-69.03,5300
Patoc,17.147,120.98,1865
Patuha,-7.15,107.37,2434
Paulet,-63.58,-55.77,353
Pavlof,55.42,-161.9,2519
Pavlof Sister,55.45,-161.87,2142
"Payun Matru, Cerro",-36.42,-69.2,3691
Peinado,-26.617,-68.15,5740
Pelee,14.82,-61.17,1397
Penanggungan,-7.62,112.63,1653
Pendan,-2.82,102.02,0
Penguin Island,-62.1,-57.93,180
Perbakti,-6.75,106.68,1699
Petacas,1.57,-76.78,4054
Peter I Island,-68.85,-90.58,1640
Peuet Sague,4.914,96.329,2801
Pico,38.47,-28.4,2351
Piip,55.42,167.33,-300
"Pilas, Las",12.495,-86.688,1088
"Pina, Cerro",-19.492,-68.65,4037
Pinacate,31.772,-113.498,1200
Pinatubo,15.13,120.35,1486
Pinta,0.58,-90.75,780
Piparo,10,-61,140
Piratkovsky,52.113,157.849,1322
Planchon-Peteroa,-35.24,-70.57,4107
Platanar,10.3,-84.366,2267
"Pleiades, The",-72.67,165.5,3040
Plosky,55.2,158.47,1255
Plosky,57.83,160.25,1236
Plosky Volc Group,52.02,157.53,681
Poas,10.2,-84.233,2708
Pocdol Mountains,13.05,123.958,1102
Poco Leok,-8.68,120.48,1675
Pogranychny,56.85,159.8,1427
Popa,20.87,95.23,1518
Popocatepetl,19.023,-98.622,5426
Porak,40.017,45.783,2800
"Possession, Ile de la",-46.42,51.63,934
Prestahnukur,64.6,-20.58,1390
Prevo Peak,47.02,152.12,1360
"Prieto, Cerro",32.418,-115.305,223
Prince Edward Island,-46.63,37.95,672
Protector Shoal,-55.92,-28.08,-27
Puesto Cortaderas,-37.55,-69.62,970
Puesto Cortaderas,-37.567,-69.617,970
Pular,-24.18,-68.05,6233
Pululagua,0.038,-78.463,3356
Puntiagudo-Cordon Cenizo,-40.969,-72.264,2493
Purace,2.32,-76.4,4650
Purico Complex,-23,-67.75,5703
Putana,-22.57,-67.87,5890
Puyehue,-40.59,-72.117,2236
Puyuhuapi,-44.3,-72.53,255
Qal'eh Hasan Ali,29.4,57.57,0
Qualibou,13.83,-61.05,777
Quetrupillan,-39.5,-71.7,2360
Quezaltepeque,14.65,-89.35,1200
"Quill, The",17.48,-62.95,601
Quilotoa,-0.85,-78.9,3914
Quimsachata,-14.37,-71.17,3923
Rabaul,-4.271,152.203,688
Ragang,7.67,124.5,2815
"Rahah, Harrat ar",27.8,36.17,1660
"Rahat, Harrat",23.08,39.78,1744
Raikoke,48.292,153.25,551
Rainier,46.87,-121.758,4392
Rajabasa,-5.78,105.625,1281
Ranakah,-8.62,120.52,2100
Ranau,-4.83,103.92,1881
Raoul Island,-29.27,-177.92,516
Rasshua,47.77,153.02,956
Raung,-8.125,114.042,3332
Rausu,44.073,145.125,1660
Recheschnoi,53.15,-168.55,1984
Reclus,-50.98,-73.7,0
Red Cones,37.58,-119.05,2748
Redoubt,60.48,-152.75,3108
Reporoa,-38.42,176.33,592
"Resago, Volcan",-36.45,-70.92,1550
Reventador,-0.078,-77.656,3562
Reykjanes,63.88,-22.5,230
Reykjaneshryggur,63.67,-23.33,80
Rincon de la Vieja,10.83,-85.324,1916
Rinjani,-8.42,116.47,3726
Risco Plateado,-34.933,-70,4999
Rishiri,45.18,141.25,1719
Ritter Island,-5.52,148.121,140
Robinson Crusoe,-33.658,-78.85,922
Robledo,-26.767,-67.717,4400
Rocard,-17.642,-148.6,-2100
Romanovka,55.65,158.8,1442
Rota,12.55,-86.75,832
Roundtop,54.8,-163.6,1871
Royal Society Range,-78.25,163.6,3000
Ruang,2.28,125.425,725
Ruapehu,-39.28,175.57,2797
Ruby,15.617,145.567,-230
Ruby,15.62,145.57,-230
Ruby Mountain,59.68,-133.32,1523
Rudakov,45.88,149.83,542
Ruiz,4.895,-75.322,5321
Rumble II West,-35.353,178.527,1200
Rumble III,-35.745,178.478,-140
Rumble IV,-36.13,178.05,-450
Rumble V,-36.139,178.197,-700
Rungwe,-9.13,33.67,2961
Río Murta,-46.167,-72.667,
SW Usangu Basin,-8.75,33.8,2179
Saba,17.63,-63.23,887
Sabalan,38.25,47.917,4811
Sabancaya,-15.783,-71.85,5967
Sabancaya,-15.78,-71.85,5967
Sahand,37.75,46.433,3707
Sairecabur,-22.73,-67.88,5971
Sakar,-5.414,148.094,992
Sakura-jima,31.58,130.67,1117
Salak,-6.72,106.73,2211
San Borja Volc Field,28.5,-113.75,1360
San Carlos,3.35,8.52,2260
San Cristobal,-0.88,-89.5,1745
San Cristobal,12.702,-87.004,759
San Diego,14.27,-89.48,781
San Felix,-26.27,-80.12,183
San Joaquin,3.35,8.63,2009
San Jorge,38.65,-28.08,1053
San Jose,-33.782,-69.897,5856
"San Luis, Isla",29.814,-114.384,180
San Marcelino,13.853,-89.63,2381
San Martin,18.572,-95.169,1650
San Miguel,13.431,-88.272,2130
San Pedro,-21.88,-68.4,6145
San Pedro-Pellado,-35.989,-70.849,3621
San Quintin Volc Field,30.468,-115.996,260
San Salvador,13.736,-89.286,1893
San Vicente,13.623,-88.852,2182
Sanbe,35.13,132.62,1126
Sand Mountain Field,44.38,-121.93,1664
Sanford,62.22,-144.13,4949
Sanganguey,21.45,-104.73,2340
Sangangüey,21.45,-104.733,2340
Sangay,-2.03,-78.33,5230
Sangeang Api,-8.18,119.058,1949
"Sano, Wai",-8.68,120.025,903
Santa Ana,13.853,-89.63,2365
Santa Clara,37.257,-113.625,1465
Santa Cruz,-0.62,-90.33,864
Santa Isabel,3.58,8.75,4950
Santa Isabel,4.82,-75.37,2972
Santa Maria,14.756,-91.552,3772
Santiago,-0.22,-90.77,920
"Santiago, Cerro",14.33,-89.87,1192
Santo Antao,17.07,-25.17,1979
Santo Tomas,16.33,120.55,2260
Santorini,36.404,25.396,329
Sao Tome,0.32,6.72,2024
Sarigan,16.708,145.783,538
Sarigan,16.708,145.78,538
Sarik-Gajah,0.08,100.2,0
Sarychev Peak,48.092,153.2,1496
Satah Mountain,52.47,-124.7,1921
Savai'i,-13.612,-172.525,1858
Savo,-9.13,159.82,510
"Sawad, Harra Es-",13.58,46.12,1737
Schmidt,54.917,160.633,2020
Seal Nunataks Group,-65.03,-60.05,368
Seamount X,13.25,144.017,-1230
Sedankinsky,57.23,160.08,1241
Segererua Plateau,1.57,37.9,699
Seguam,52.32,-172.52,1054
Segula,52.02,178.13,1153
Sekincau Belirang,-5.12,104.32,1719
Semeru,-8.108,112.92,3676
Semisopochnoi,51.95,179.62,1221
Sempu,1.142,124.73,1549
Serdan-Oriental,19.27,-97.47,3485
Sergief,52.03,-174.93,560
Serua,-6.3,130,641
Sessagara,-9.48,149.13,370
Sete Cidades,37.87,-25.78,856
Seulawah Agam,5.448,95.658,1810
Severny,58.28,160.87,1936
Shala,7.47,38.55,2075
Sharat Kovakab,36.53,40.85,534
Shasta,41.42,-122.2,4317
Shiga,36.7,138.52,2036
Shikaribetsu Group,43.28,143.08,1430
Shikotsu,42.7,141.33,1320
Shiretoko-Iwo-zan,44.13,145.17,1563
Shirinki,50.2,154.98,761
Shishaldin,54.75,-163.97,2857
Shisheika,57.15,161.083,379
Shishel,57.45,160.37,2525
Shiveluch,56.653,161.36,3283
Shoshone Lava Field,43.07,-114.43,1525
Sibayak,3.2,98.52,2212
Sibualbuali,1.556,99.255,1819
Silali,1.15,36.23,1528
Silay,10.77,123.23,1535
Silverthrone,51.43,-126.3,3160
Simbo,-8.292,156.52,335
Sinabung,3.17,98.392,2460
Sinarka,48.875,154.175,934
Singu Plateau,22.7,95.98,507
"Singuil, Cerro",14.03,-89.7,957
Siple,-73.43,-126.67,3110
Sirung,-8.51,124.148,862
Slamet,-7.242,109.208,3432
Smirnov,44.43,146.13,1189
Smith Rock,31.32,140.05,136
Smith Volcano,19.523,121.94,2090
Snaefellsjokull,64.8,-23.78,1448
Snegovoy,58.2,160.97,2169
Snezhniy,58.02,160.75,2169
Snowy,58.33,-154.68,2161
Soche,0.552,-77.58,3955
Socompa,-24.4,-68.25,6051
Socorro,18.78,-110.95,1050
Sodore,8.43,39.35,1765
Sollipulli,-38.97,-71.52,2282
Soputan,1.108,124.725,1784
Sorikmarapi,0.686,99.539,2145
Sorkale,13.18,41.725,1611
Sotara,2.12,-76.58,4400
Soufriere Guadeloupe,16.05,-61.67,1467
Soufriere Hills,16.72,-62.18,915
Soufriere St. Vincent,13.33,-61.18,1220
South Island,2.63,36.6,700
South Sister,44.1,-121.77,3157
Southern EPR-Segment I,-18.533,-113.417,-2600
Southern EPR-Segment J,-18.175,-113.35,-2650
Southern EPR-Segment K,-17.436,-113.206,-2566
Southern Sikhote-Alin,44.5,135.5,0
Spectrum Range,57.43,-130.68,2430
Spokoiny,58.133,160.817,2171
Spurr,61.3,-152.25,3374
Squaw Ridge Field,43.472,-120.754,1711
Srednii,47.6,152.92,36
St. Andrew Strait,-2.38,147.35,270
St. Catherine,12.15,-61.67,840
St. Helens,46.2,-122.18,2549
St. Michael,63.45,-162.12,715
St. Paul,-38.72,77.53,268
Steamboat Springs,39.375,-119.72,1415
Steller,58.43,-154.4,2272
Stepovak Bay 3,55.929,-160.002,1555
Stepovak Bay 4,55.954,-159.954,1557
Stromboli,38.789,15.213,926
Sturge Island,-67.4,164.83,1167
Suchitan Volc Field,14.4,-89.78,2042
Sukaria Caldera,-8.792,121.77,1500
Sumaco,-0.538,-77.626,3990
Sumbing,-2.414,101.728,2507
Sumbing,-7.38,110.058,3371
Sumiyoshi-ike,31.768,130.594,100
Sundoro,-7.3,109.992,3136
Sunset Crater,35.37,-111.5,2447
Suoh,-5.25,104.27,1000
Suphan Dagi,38.92,42.82,4434
Supply Reef,20.13,145.1,-8
Suretamatai,-13.8,167.47,921
Suswa,-1.175,36.35,2356
Suwanose-jima,29.53,129.72,799
Ta'u,-14.23,-169.454,931
Taal,14.002,120.993,400
Taburete,13.435,-88.532,1172
Tacana,15.13,-92.112,4110
Tacora,-17.72,-69.77,5980
Taftan,28.6,61.6,4050
Tafu-Maka,-15.367,-174.233,-1400
Tahalra Volc Field,22.667,5,1467
Tahual,14.433,-89.9,1716
"Tair, Jebel at",15.7,41.742,244
Tajumulco,15.034,-91.903,4220
Takahara,36.9,139.78,1795
Takahe,-76.28,-112.08,3460
Takawangha,51.87,-178.02,1449
Takuan Group,-6.442,155.608,2210
Talagabodas,-7.208,108.07,2201
Talakmau,0.079,99.98,2919
Talang,-0.978,100.679,2597
Tambora,-8.25,118,2850
Tampomas,-6.77,107.95,1684
Tana,52.833,-169.767,1170
Tanaga,51.88,-178.13,1806
Tandikat,-0.433,100.317,2438
Tangaroa,-36.321,178.028,600
Tangkubanparahu,-6.77,107.6,2084
Tao-Rusyr Caldera,49.35,154.7,1325
"Tara, Batu",-7.792,123.579,748
Tarakan,1.78,127.792,318
Taryatu-Chulutu,48.17,99.7,2400
Tat Ali,13.28,41.07,700
Tate-yama,36.57,137.6,2621
Tateshina,36.1,138.3,2530
Tatun Group,25.17,121.52,1120
Taunshits,54.53,159.8,2353
Taupo,-38.82,176,760
Taveuni,-16.82,-179.97,1241
Tavui,-4.117,152.2,200
Teahitia,-17.57,-148.85,-1600
Tecapa,13.494,-88.502,1593
Tecuamburro,14.156,-90.407,1845
Telica,12.602,-86.845,1061
Telomoyo,-7.37,110.4,1894
"Telong, Bur Ni",4.77,96.808,2624
Tenduruk Dagi,39.33,43.83,3584
Tenerife,28.271,-16.641,3715
Tengchong,25.32,98.47,2865
Tengger Caldera,-7.942,112.95,2329
Tenorio,10.673,-85.015,1916
Teon,-6.92,129.125,655
Tepi,7.42,35.43,2728
Terceira,38.73,-27.32,1023
Terpuk,57.2,159.833,765
Theistareykjarbunga,65.88,-16.83,564
Thompson Island,-53.93,5.5,0
Thordarhyrna,62.27,-17.6,1659
Thule Islands,-59.45,-27.37,1075
Tianshan Volc Group,42.5,82.5,0
Tiatia,44.358,146.27,1819
Ticsani,-16.755,-70.595,5408
Tidore,0.65,127.4,1730
Tigalalu,0.07,127.42,422
"Tigre, El",13.467,-88.433,1640
"Tigre, Isla El",13.27,-87.63,760
Tin Zaouatene Volc Field,19.833,2.833,
Tinakula,-10.38,165.8,851
Tindfjallajokull,63.78,-19.57,1463
Tinguiririca,-34.814,-70.352,4280
Tipas,-27.2,-68.55,6660
Tipas,-27.2,-68.55,6660
Titila,57.4,160.1,1559
Tjornes Fracture Zone,66.3,-17.1,0
Tlevak Strait-Suemez Is.,55.25,-133.3,50
To-shima,34.52,139.28,508
Toba,2.58,98.83,2157
Tobaru,1.625,127.675,1035
Todoko-Ranu,1.22,127.43,979
Todra Volc Field,17.683,8.5,2000
Tofua,-19.75,-175.07,512
"Toh, Tarso",21.333,16.333,2000
Tokachi,43.42,142.68,2077
Tolbachik,55.83,160.33,3682
Tolguaca,-38.31,-71.645,2806
Tolguaca,-38.31,-71.645,2806
Tolima,4.67,-75.33,5200
Toliman,14.612,-91.189,3158
Tolmachev Dol,52.63,157.58,1021
"Toluca, Nevado de",19.108,-99.758,4690
Tombel Graben,4.75,9.667,500
Tondano Caldera,1.23,124.83,1202
Toney Mountain,-75.8,-115.83,3595
Tongariro,-39.13,175.642,1978
Tongkoko,1.52,125.2,1149
Tore,-5.83,154.93,2200
Torfajokull,63.92,-19.17,1259
Tori-shima,30.48,140.32,403
Toroeng Prong,14.93,108,800
"Tortuga, Isla",27.392,-111.858,210
Tosa Sucha,5.92,37.57,1650
"Tousside, Tarso",21.03,16.45,3265
Towada,40.47,140.92,1159
Traitor's Head,-18.75,169.23,837
Tres Virgenes,27.47,-112.591,1940
Tri Sestry,45.93,149.92,998
Trident,58.23,-155.08,1864
Trindade,-20.514,-29.331,600
Tristan da Cunha,-37.092,-12.28,2060
Trocon,-37.733,-70.9,2500
Trollagigar,64.43,-18.13,1000
Tromen,-37.142,-70.03,3978
Tronador,-41.157,-71.885,3491
Tseax River Cone,55.12,-128.9,609
Tshibinda,-2.32,28.75,1460
Tskhouk-Karckar,39.733,46.017,3000
Tsurumi,33.28,131.43,1584
"Tujle, Cerro",-23.83,-67.95,3550
Tulabug,-1.78,-78.613,3336
Tullu Moje,8.158,39.13,2349
Tumble Buttes,40.68,-121.55,2191
Tundroviy,52.25,157.6,739
Tungnafellsjokull,64.73,-17.92,1535
Tungurahua,-1.467,-78.442,5023
Tunkin Depression,51.5,102.5,1200
Tupungatito,-33.4,-69.8,6000
Turfan,42.9,89.25,0
Turrialba,10.03,-83.77,3340
Tutuila,-14.295,-170.7,653
Tutupaca,-17.025,-70.358,5815
Tuya Volc Field,59.367,-130.583,2123
"Tuzgle, Cerro",-24.05,-66.483,5500
Tuzovsky,57.32,159.97,1533
Twin Buttes,40.78,-121.6,1631
Ubehebe Craters,37.02,-117.45,752
Ubinas,-16.355,-70.903,5672
Udina,55.755,160.527,2923
Udokan Volc Field,56.18,117.47,1980
Ugashik-Peulik,57.75,-156.37,1474
Uinkaret Field,36.38,-113.13,1555
Uka,57.7,160.58,1643
Ukinrek Maars,57.83,-156.52,91
Uksichan,56.08,158.38,1692
Ulawun,-5.05,151.33,2334
Uliaga,53.07,-169.77,888
Ulreung,37.5,130.87,984
Ulug-Arginsky,52.33,98,1800
Umboi,-5.589,147.875,1548
"Umm Arafieb, Jebel",18.17,33.83,0
Ungaran,-7.18,110.33,2050
Unnamed,37.78,-25.67,0
Unnamed,23.58,-163.83,-3200
Unnamed,28,-115,0
Unnamed,26.13,144.48,0
Unnamed,-4.75,150.85,-3000
Unnamed,55.92,161.75,0
Unnamed,21.75,-158.75,-24
Unnamed,21,142.9,-2000
Unnamed,20.33,121.75,-2533
Unnamed,-4.311,146.256,-502
Unnamed,31.75,-124.25,0
Unnamed,46.47,151.28,1555
Unnamed,-8.63,33.57,5400
Unnamed,55.93,-160,700
Unnamed,35.85,91.7,-100
Unnamed,52.88,158.3,-930
Unnamed,46.1,150.5,216
Unnamed,45.03,147.208,0
Unnamed,-16.992,168.592,298
Unnamed,20.3,143.2,300
Unnamed,51.6,156.55,0
Unnamed,57.87,-155.42,0
Unnamed,11.75,80.75,450
Unnamed,12.25,45,-1300
Unnamed,52.92,158.52,0
Unnamed,-3.03,147.78,0
Unnamed,28.17,60.67,1436
Unnamed,24,121.83,-10
Unnamed,32.658,36.425,945
Unnamed,19.17,132.25,0
Unnamed,33.308,36.925,610
Unnamed,36.67,37,638
Unnamed,52.57,157.02,-560
Unnamed,52.33,157.33,-650
Unnamed,-29.18,-177.87,-100
Unnamed,-14.23,-169.07,-3800
Unnamed,25.42,122.33,-1650
Unnamed,-21.07,-175.33,-150
Unnamed,52,-173.5,0
Unnamed,-33.622,-78.78,1197
Unnamed,16.13,-61.28,-500
Unnamed,66,-27.75,-5000
Unnamed,49,-34.5,1185
Unnamed,48.08,153.33,-1000
Unnamed,-5.2,148.57,-2400
Unnamed,33.15,36.258,-240
Unnamed,-21.38,-175.65,-2500
Unnamed,3.97,124.17,-115
Unnamed,56.82,158.95,-6000
Unnamed,-53.9,-140.3,-13
Unnamed,-25.78,168.63,3750
Unnamed,-8.92,158.03,-1415
Unnamed,9.82,-104.3,1800
Unnamed,21.83,121.18,-1528
Unnamed,20.93,134.75,2987
Unnamed,-20.85,-175.53,1300
Unnamed,39.25,45.167,-500
Unnamed,-24.8,-177.017,1800
Unnamed,-21.15,-175.75,1889
Unnamed,-18.325,-174.365,-5300
Unnamed,26.133,144.483,-2900
Unnamed,21,142.9,3400
Unnamed,20.3,143.2,1200
Unnamed,31.75,-124.25,-642
Unnamed,10.733,-103.583,-1500
Unnamed,9.833,-104.3,-4200
Unnamed,-8.267,-107.95,0
Unnamed,-53.9,-140.3,0
Unnamed,-55.967,-143.167,0
Unnamed,-25.1,-68.267,-7
Unnamed,85.583,85,-108
Unnamed,42.45,44.25,
Unnamed,7,-21.83,-385
Unnamed,8.62,38.95,-65
Unnamed,-0.58,-15.83,-40
Unnamed,-73.45,164.58,-3200
Unnamed,8.7,39.63,
Unnamed,-76.83,163,
Unnamed,8.07,39.07,-2533
Unnamed,7.95,38.93,
Unnamed,-3.5,-24.5,-2500
Unnamed,4.2,-21.45,-2800
Unnamed,41.55,43.6,-1000
Unnamed,5.65,37.67,
Unnamed,-33.62,-76.83,
Unnamed,88.27,-65.6,-2835
Unnamed,38.75,-38.08,350
Unnamed,39.95,-25.83,-4000
Unzen,32.75,130.3,1500
Upolu,-13.935,-171.72,1100
Urataman,47.12,152.23,678
Ushishur,47.52,152.8,401
Ushkovsky,56.105,160.47,3943
Usu,42.53,140.83,731
Usulutan,13.419,-88.471,1449
Utila Island,16.1,-86.9,90
"Uwayrid, Harrat",27.08,37.25,1900
Uzon,54.5,159.97,1617
Vakak Group,34.25,67.97,3190
"Valle, El",8.583,-80.167,1185
Veniaminof,56.17,-159.38,2507
Verkhovoy,56.52,159.53,1400
Vernadskii Ridge,50.55,155.97,1183
Vestmannaeyjar,63.43,-20.28,279
Vesuvius,40.821,14.426,1281
Veteran,9.83,109.05,0
Victory,-9.2,149.07,1925
"Viedma, Volcan",-49.358,-73.28,1300
Villarrica,-39.42,-71.93,2847
Vilyuchik,52.68,158.3,2173
Visoke,-1.47,29.492,3711
"Volcanico, Cerro",-42.07,-71.65,0
Volcano W,-31.85,-179.183,-900
"Voon, Tarso",20.92,17.28,3100
Voyampolsky,58.37,160.62,1225
Vsevidof,53.13,-168.68,2149
Vulcano,38.404,14.962,500
Vulsini,42.6,11.93,800
Waesche,-77.17,-126.88,3292
Waiowa,-9.57,149.075,640
Wallis Islands,-13.3,-176.17,143
Walo,-5.53,150.9,15
Wapi Lava Field,42.88,-113.22,1604
Washiba-Kumonotaira,36.4,137.5,2924
"Watt, Morne",15.307,-61.305,1224
Wau-en-Namus,25.05,17.55,547
Wayang-Windu,-7.208,107.63,2182
Wells Gray-Clearwater,52.33,-120.57,2015
West Crater,45.88,-122.08,1329
West Eifel Volc Field,50.17,6.85,600
West Mata,-15.1,-173.75,-1174
Westdahl,54.52,-164.65,1654
Whangarei,-35.75,174.27,397
White Island,-37.52,177.18,321
Wilis,-7.808,111.758,2563
"Wolf, Volcan",0.02,-91.35,1710
Wrangell,62,-144.02,4317
Wudalianchi,48.72,126.12,597
Wurlali,-7.125,128.675,868
Xianjindao,41.33,128,0
Yake-dake,36.22,137.58,2455
Yali,36.63,27.1,176
Yangudi,10.58,41.042,1383
Yantarni,57.02,-157.18,1336
Yanteles,-43.5,-72.8,2042
"Yanteles, Cerro",-43.42,-72.83,2050
"Yar, Jabal",17.05,42.83,305
Yasur,-19.52,169.425,361
Yate,-41.755,-72.396,2187
Yelia,-7.05,145.858,3384
Yellowstone,44.43,-110.67,2805
Yersey,-7.53,123.95,-3800
"Yojoa, Lake",14.98,-87.98,1090
Yomba,-4.92,146.75,0
Yotei,42.83,140.82,1893
Young Island,-66.42,162.45,1340
Yucamane,-17.18,-70.2,5550
"Yumia, Cerro",-21.5,-67.5,4050
Yunaska,52.63,-170.63,550
"Zacate Grande, Isla",13.33,-87.63,600
Zao,38.15,140.45,1841
Zaozerny,56.88,159.95,1349
Zapatera,11.73,-85.82,629
Zavaritsky,53.905,158.385,1567
Zavaritsky,53.905,158.385,1567
Zavaritzki Caldera,46.925,151.95,624
Zavodovski,-56.3,-27.57,551
Zengyu,26.18,122.458,-418
Zheltovsky,51.57,157.323,1953
Zhupanovsky,53.59,159.147,2958
Zimina,55.862,160.603,3081
"Zubair, Jebel",15.05,42.18,191
Zukur,14.02,42.75,624
Zuni-Bandera,34.8,-108,2550
